Добавлен,Название,Год,Жанр,Актёры,Оценка,Комментарий
10.04.2017 13:00:00,Отступники,,,,,
11.04.2017 13:00:00,тебя никогда здесь не было,,ужасы,,4,"10 первая половина, 2 вторая. Марафон долбоебизма во второй половине. В первой это не бросалось в глаза, но во второй начали всплывать вопросы: где шумка, почему такой огромный шумный дом, почему не вырыть яму и не спрятаться итд. хуйня из 10 в сумме"
12.04.2017 13:00:00,Любой ценой,,,,,
13.04.2017 13:00:00,11\14,,,,,
14.04.2017 13:00:00,Олдбой,,,,,
15.04.2017 13:00:00,Заводной апельсин,,,,,
16.04.2017 13:00:00,На север через северо-запад,,,,,
17.04.2017 13:00:00,2001 космическая Одиссея,,,,,
18.04.2017 13:00:00,3 идиота,,,,,
19.04.2017 13:00:00,Афера,1973,,,,
20.04.2017 13:00:00,В джазе только девушки,,,,10,классика
21.04.2017 13:00:00,Сокровища Сьерра Мадре,,,,,
22.04.2017 13:00:00,Способный ученик,,,,,
23.04.2017 13:00:00,"Хороший, плохой, злой",,,,,
24.04.2017 13:00:00,Приведение,,,,10,классика
25.04.2017 13:00:00,Головоломка,,,,,
26.04.2017 13:00:00,"Карты, деньги, два ствола",,,,,
27.04.2017 13:00:00,Комната,2015,,,,
28.04.2017 13:00:00,Волк с Уолл-стрит,,,,10,топчик
29.04.2017 13:00:00,Нечто,1982,,,,
30.04.2017 13:00:00,Ева искусственный разум,,,,,
01.05.2017 13:00:00,Гладиатор,,,,,
02.05.2017 13:00:00,Крестный отец,,,,,
03.05.2017 13:00:00,Меч короля Артура,,,,8,Прикольно
04.05.2017 13:00:00,Мышиная охота,1997,,,9,В пятый раз уже не круто но вообще орал как птиродактиль
05.05.2017 13:00:00,Глубокое синее море,,,,,
06.05.2017 13:00:00,Добро пожаловать в капкан,,,,,
07.05.2017 13:00:00,Великий Гэтсби,,,,,
08.05.2017 13:00:00,Леон,,,,,
09.05.2017 13:00:00,Книга иллая,,,,,
10.05.2017 13:00:00,Вымирание,,,,,
11.05.2017 13:00:00,Путь домой,,,,,
12.05.2017 13:00:00,Выкуп ,,,Джерард Батлер,,
13.05.2017 13:00:00,Счастливое число слевина,,,,,
14.05.2017 13:00:00,Шанхайский полдень,,,,,
15.05.2017 13:00:00,Пуленепробиваемый монах,,,,,
16.05.2017 13:00:00,Призрачный гонщик,,,,,
17.05.2017 13:00:00,Из Парижа с любовью,,,,,
18.05.2017 13:00:00,Одним меньше,2012,,,,
19.05.2017 13:00:00,Хакер,2016,,,,
20.05.2017 13:00:00,Законопослушный гражданин,,,,,
21.05.2017 13:00:00,Время ведьм,,,,8,
22.05.2017 13:00:00,Приказ огня не открывать,,,,,
23.05.2017 13:00:00,Бионикл,,,,,
24.05.2017 13:00:00,Тед,,,,,
25.05.2017 13:00:00,Мальчишник в Вегасе,,,,,
26.05.2017 13:00:00,дорога в арлингтон,,,,,
27.05.2017 13:00:00,Мачо и ботан,,,,,
28.05.2017 13:00:00,Хочу как ты,,,,,
29.05.2017 13:00:00,Крутые меры,,,,,
30.05.2017 13:00:00,Несносный дед,,,,,
31.05.2017 13:00:00,Каникулы,,,,,
01.06.2017 13:00:00,Здравствуй папа новый год,,,,,
02.06.2017 13:00:00,Свадьба Уайлд,,,,,
03.06.2017 13:00:00,Железная маска,,,,,
04.06.2017 13:00:00,Спасительный рассвет,,,,,
05.06.2017 13:00:00,На глубине 6 футов,,,,,
06.06.2017 13:00:00,Миссия невыполнима,,,,8,"Прикольно, но борн и бонд больше заходят"
07.06.2017 13:00:00,Жандармы,,,,,
08.06.2017 13:00:00,мадам,,,,,
09.06.2017 13:00:00,Парфенов,,,,,
10.06.2017 13:00:00,Как быть мужиком,,,,,
11.06.2017 13:00:00,Братья из гримсби,,,,,
12.06.2017 13:00:00,фильмы про вулканы,,,,,
13.06.2017 13:00:00,Талантливый мистер риппли,,,,,
14.06.2017 13:00:00,заложник,,,,,
15.06.2017 13:00:00,пекло,,,,,
16.06.2017 13:00:00,наверное боги сошли с ума,,,,,
17.06.2017 13:00:00,как выйти замуж за миллиардера,,,,,
18.06.2017 13:00:00,зеро 2,,,,,
19.06.2017 13:00:00,луковые новости,,,,,
20.06.2017 13:00:00,"остановка по требованию или нет. группа несчастный случай, актер кортнев, мб сериал другая жизнь",,,,,
21.06.2017 13:00:00,гост бастерс,,,,,
22.06.2017 13:00:00,Вид сверху лучше,,,,,
23.06.2017 13:00:00,большой лебовски,,,,,
24.06.2017 13:00:00,грязь,,,,,
25.06.2017 13:00:00,криминальное чтиво,,,,,
26.06.2017 13:00:00,побег из нью йорка,,,,,
27.06.2017 13:00:00,планета страха,,,,,
28.06.2017 13:00:00,немыслимое,,,,,
29.06.2017 13:00:00,Последний киногерой,,,,,
30.06.2017 13:00:00,Ведьмак\волкодав,,,,,
01.07.2017 13:00:00,мультик рейнджеры про спасателей-животных,,,,,
02.07.2017 13:00:00,географ глобус пропил,,,,,
03.07.2017 13:00:00,терминал,,,,,
04.07.2017 13:00:00,без лица,,,,,
05.07.2017 13:00:00,ведьма из блер,,,,,
06.07.2017 13:00:00,не пойман-не вор,,,,,
07.07.2017 13:00:00,бойцовскй клуб,,,,,
08.07.2017 13:00:00,Хэлбой,,,,9,"Не, ну приеольно, и идея и реализация."
09.07.2017 13:00:00,Достучаться до небес,,,,,
10.07.2017 13:00:00,Теорема зеро,,,,,
11.07.2017 13:00:00,Экстрасенсы,,,,,
12.07.2017 13:00:00,обитаемый остров,,,,,
13.07.2017 13:00:00,"танцор, что сказал покойник",,,,,
14.07.2017 13:00:00,электроник и алиса мелезнева ил е там про будущее,,,,,
15.07.2017 13:00:00,Вий,,,,,
16.07.2017 13:00:00,Бигглз,,,,,
17.07.2017 13:00:00,Бэтмен,,,,,
18.07.2017 13:00:00,Похождения императора,,,,,
19.07.2017 13:00:00,сити айленд,,,,,
20.07.2017 13:00:00,Механик,,,,,
21.07.2017 13:00:00,белоснежка охотник,,,,,
22.07.2017 13:00:00,Жестокий вид,2010,,,,
23.07.2017 13:00:00,питер фм,,,,,
24.07.2017 13:00:00,zoolander,,,,,
25.07.2017 13:00:00,Экипаж,,,,,
26.07.2017 13:00:00,Духлесс,,,,,
27.07.2017 13:00:00,Чаппи,,,,,
28.07.2017 13:00:00,Убить билла,,,,,
29.07.2017 13:00:00,Чужой,,,,,
30.07.2017 13:00:00,8 первых свиданий,,,,,
31.07.2017 13:00:00,Сестры,,,,,
01.08.2017 13:00:00,Страна глухих,,,,,
02.08.2017 13:00:00,Criminal ,2016,,,,
03.08.2017 13:00:00,Старый Бэтмен,,,,,
04.08.2017 13:00:00,пункт назначения,,,,,
05.08.2017 13:00:00,50 первых поцелуев,,,,,
06.08.2017 13:00:00,переговорщик,,,,,
07.08.2017 13:00:00,скорость/смятеные огнем,,,,,
08.08.2017 13:00:00,никита,,,,,
09.08.2017 13:00:00,каспер,,,,7,Актриса прикольная
10.08.2017 13:00:00,робокоп,,,,,
11.08.2017 13:00:00,драйв,,,,,
12.08.2017 13:00:00,солдат джейн,,,,,
13.08.2017 13:00:00,Солдат (Soldier),1998,,,,
14.08.2017 13:00:00,Двойной удар (Double Impact),1991,,,,
15.08.2017 13:00:00,В осаде (Under Siege),1992,,,,
16.08.2017 13:00:00,Слепая ярость (Blind Fury),1989,,,,
17.08.2017 13:00:00,хроники ломбарда,,,,,
18.08.2017 13:00:00,Последний бойскаут (The Last Boy Scout),1991,,,,
19.08.2017 13:00:00,долгий поцелуй на ночь,,,,,
20.08.2017 13:00:00,Разборка в Бронксе (Hong faan kui),1995,,,,
21.08.2017 13:00:00,"беги, Лола, беги",,,,,
22.08.2017 13:00:00,Танго и Кэш (Tango & Cash),1989,,,,
23.08.2017 13:00:00,48 часов (48 Hrs.),1982,,,,
24.08.2017 13:00:00,Звездный десант (Starship Troopers),1997,,,,
25.08.2017 13:00:00,мачеха,1998,,,,
26.08.2017 13:00:00,Бабадук,,,,,
27.08.2017 13:00:00,Ганнибал,,,,,
28.08.2017 13:00:00,Смерть ей к лицу (Death Becomes Her),1992,,,,
29.08.2017 13:00:00,даласский клуб покупателей,,,,,
30.08.2017 13:00:00,16 кварталов,,,,,
31.08.2017 13:00:00,слезы солнца,,,,,
01.09.2017 13:00:00,война харта,,,,,
02.09.2017 13:00:00,на расстоянии удара,,,,,
03.09.2017 13:00:00,девять ярдов,,,,,
04.09.2017 13:00:00,петля времени,,,,,
05.09.2017 13:00:00,схватка,1995,,,,
06.09.2017 13:00:00,военный ныряльщик,,,,,
07.09.2017 13:00:00,Список Шиндлера ,1993,,,,
08.09.2017 13:00:00,"Поймай меня, если сможешь ",2002,,,,
09.09.2017 13:00:00,форрест гамп,,,,,
10.09.2017 13:00:00,Гран Торино ,2008,,,,
11.09.2017 13:00:00,В погоне за счастьем,2006,,,,
12.09.2017 13:00:00,Аферисты Дик и Джейн (Fun with Dick and Jane),2005,,,,
13.09.2017 13:00:00,"Я, снова я и Ирэн (Me, Myself & Irene)",2000,,,10,Забавная комедия
14.09.2017 13:00:00,"Я люблю тебя, Филлип Моррис (I Love You Phillip Morris)",2009,,,,
15.09.2017 13:00:00,эйс вентура,,,,,
16.09.2017 13:00:00,Пингвины мистера Поппера (Mr. Popper's Penguins),2011,,,,
17.09.2017 13:00:00,Невероятный Бёрт Уандерстоун (The Incredible Burt Wonderstone),2013,,,,
18.09.2017 13:00:00,Вечное сияние чистого разума (Eternal Sunshine Of The Spotless Mind),2004,,,10,Шикарный сюжет и актеры
19.09.2017 13:00:00,Репликант (Replicant),2001,,,,
20.09.2017 13:00:00,особо опасен,,,,,
21.09.2017 13:00:00,Город воров (The Town),2010,,,,
22.09.2017 13:00:00,Телохранитель (The Bodyguard),1992,,Кевин Коснер,,
23.09.2017 13:00:00,Деньги решают все (Money Talks),1997,,,,
24.09.2017 13:00:00,Отчаянный (Desperado),1995,,,,
25.09.2017 13:00:00,Близнецы-драконы (Seong lung wui),1991,,,,
26.09.2017 13:00:00,Угнать за 60 секунд (Gone in Sixty Seconds),2000,,,,
27.09.2017 13:00:00,Игрок (The Gambler),2014,,,,
28.09.2017 13:00:00,Камера 211 (Celda 211),2009,,,,
29.09.2017 13:00:00,Пуленепробиваемый (Bulletproof Monk),2003,,,,
30.09.2017 13:00:00,Охотник на лис (Foxcatcher),,,,,
01.10.2017 13:00:00,Убийца (Sicario),2015,,,,
02.10.2017 13:00:00,"знакомтесь, Джо Блэк",,,,,
03.10.2017 13:00:00,Общак (The Drop),2014,,,,
04.10.2017 13:00:00,Круто сваренные (Lat sau san taam),1992,,,,
05.10.2017 13:00:00,рейд,,,,,
06.10.2017 13:00:00,бугимен,,,,,
07.10.2017 13:00:00,тихоокеанский рубеж,,,,7,
08.10.2017 13:00:00,хроники шаннары,,,,,
09.10.2017 13:00:00,элизиум или че с актером из мисси невыполнима,,,,,
10.10.2017 13:00:00,повелтитель бури,,,,,
11.10.2017 13:00:00,другой мир,,,,,
12.10.2017 13:00:00,конан варвар,2011,,,,
13.10.2017 13:00:00,детонатор,,,,,
14.10.2017 13:00:00,падение лондона,,,,,
15.10.2017 13:00:00,пиксели,,,,,
16.10.2017 13:00:00,горячие головы,,,,,
17.10.2017 13:00:00,комета,,,,,
18.10.2017 13:00:00,комната,,,,,
19.10.2017 13:00:00,изобретение лжи,,,,,
20.10.2017 13:00:00,на грани,,,,,
21.10.2017 13:00:00,экзамен,,,,,
22.10.2017 13:00:00,братья2013,,,,,
23.10.2017 13:00:00,Как я провел этим летом,,,,,
24.10.2017 13:00:00,В поисках галактики,1999,,,,
25.10.2017 13:00:00,Она,2016,,,,
26.10.2017 13:00:00,преступник,2016,,,,
27.10.2017 13:00:00,Фантом,1996,,,,
28.10.2017 13:00:00,Фантом,2013,,,,
29.10.2017 13:00:00,Человек тьмы ,1990,,,,
30.10.2017 13:00:00,Дик Трэйси,1990,,,,
31.10.2017 13:00:00,Мститель ,2008,,,,
01.11.2017 13:00:00,Дьявол и Дэниэл Уэбстер,,,,,
02.11.2017 13:00:00,Семейка Тененбаум,,,,,
03.11.2017 13:00:00,Хитрый вор,,,,,
04.11.2017 13:00:00,На грани,1997,,,,
05.11.2017 13:00:00,меркурий в опасности,,,,,
06.11.2017 13:00:00,Девушка моего лучшего друга ,2008,,,,
07.11.2017 13:00:00,биттлджус,,,,,
08.11.2017 13:00:00,крутой парень ,2002,,,,
09.11.2017 13:00:00,Джон Кью,,,,,
10.11.2017 13:00:00,Яйцеголовые,,,,,
11.11.2017 13:00:00,Опасные пассажиры поезда 123 ,2009,,,,
12.11.2017 13:00:00,виртуозность,1995,,,,
13.11.2017 13:00:00,власть страха,1999,,,,
14.11.2017 13:00:00,дежавю,2006,,,,
15.11.2017 13:00:00,коди бэнкс,,,,,
16.11.2017 13:00:00,история одного вампира. Пересмотреть,,,,,
17.11.2017 13:00:00,затерянные в космосе,,,,,
18.11.2017 13:00:00,факультет,,,,,
19.11.2017 13:00:00,I am hooligan,,,,,
20.11.2017 13:00:00,Блейд,,,,,
21.11.2017 13:00:00,13 район,,,,,
22.11.2017 13:00:00,антиганг,,,,,
23.11.2017 13:00:00,После прочтения сжечь,,,,,
24.11.2017 13:00:00,Последний тамплиер,,,,,
25.11.2017 13:00:00,Ускорение,,,,,
26.11.2017 13:00:00,Воллис и громмит,,,,,
27.11.2017 13:00:00,Хакеры,,,,,
28.11.2017 13:00:00,"Все умрут, а я останусь",,,,,
29.11.2017 13:00:00,большайа игра,,,,,
30.11.2017 13:00:00,пункт назначения 3,,,,,
01.12.2017 13:00:00,Седьмой день,,,,,
02.12.2017 13:00:00,Пароль рыба меч,,,,,
03.12.2017 13:00:00,Разрушение,2015,,,,
04.12.2017 13:00:00,бэтмен навсегда,,,,,
05.12.2017 13:00:00,грэбберсы,,,,,
06.12.2017 13:00:00,paul,,,,,
07.12.2017 13:00:00,блокпост,,,,,
08.12.2017 13:00:00,авария с дугласом,,,,,
09.12.2017 13:00:00,Банды нью йорка,,,,,
10.12.2017 13:00:00,Карантин 2к8( репортаж),,,,,
11.12.2017 13:00:00,Костяной тамагавк,,,,,
12.12.2017 13:00:00,Киану,,,,6,"На раз, даже не запомнилось ничего"
14.12.2017 13:00:00,Путешествие гектора в поисках счастья,,,,10,"Как митти, это прекрасно"
15.12.2017 13:00:00,Обратная тяга,,,,,
16.12.2017 13:00:00,Эксперимент повиновение,,,,,
17.12.2017 13:00:00,Антихрист,,,,,
18.12.2017 13:00:00,Хранители времени,,,,,
19.12.2017 13:00:00,Хранители снов,,,,,
20.12.2017 13:00:00,Алладин,,,,,
21.12.2017 13:00:00,морской бой,,,,,
22.12.2017 13:00:00,Космос между нами,,,,,
23.12.2017 13:00:00,джорджино,,,,,
24.12.2017 13:00:00,грибы 2,,,,,
25.12.2017 13:00:00,Пол секретный материальчик,,,,,
26.12.2017 13:00:00,Need for speed,,,,,
27.12.2017 13:00:00,мгновения нью-йорка,,,,,
28.12.2017 13:00:00,коробка,,,,,
29.12.2017 13:00:00,духless,,,,,
30.12.2017 13:00:00,Джонни мнемоник,,,,,
31.12.2017 13:00:00,после прочтения сжечь,,,,,
01.01.2018 13:00:00,3+2,,комедлия,,10,Классика
02.01.2018 13:00:00,мистер бин,,,,,
03.01.2018 13:00:00,Машина времени,,,,,
04.01.2018 13:00:00,Финансовый монстр,,,,,
05.01.2018 13:00:00,Моя супербывшая,,,,,
06.01.2018 13:00:00,одинокий рейнджер,,,,,
07.01.2018 13:00:00,Скромное обаяние буржуазии,,,,,
08.01.2018 13:00:00,Огни большого города Чаплин,,,,,
09.01.2018 13:00:00,Мисье верду,,,,,
10.01.2018 13:00:00,Психо,,,,,
11.01.2018 13:00:00,Головокружение Хичкок,,,,,
12.01.2018 13:00:00,Как царь Петр арапа женил,,,,,
13.01.2018 13:00:00,Эскадрон гусар летучих,,,,,
14.01.2018 13:00:00,Сыну нош(?) и брату смерти,,,,,
15.01.2018 13:00:00,Обыкновенное чудо,,,,,
16.01.2018 13:00:00,Проект х,,,,,
17.01.2018 13:00:00,Казино рояль,,,,10,Могу сколько угодно пересматривать
18.01.2018 13:00:00,Мультфильм клиника,,,,,
19.01.2018 13:00:00,основатель,,,,,
20.01.2018 13:00:00,Одним меньше,,,,,
21.01.2018 13:00:00,дядюшка бак,,,,,
22.01.2018 13:00:00,Боевая единичка,,,,,
23.01.2018 13:00:00,лок,,,,,
24.01.2018 13:00:00,зачарованная,,,,,
25.01.2018 13:00:00,Штольня,,,,,
26.01.2018 13:00:00,Аты-баты шли солдаты,,,,,
27.01.2018 13:00:00,джеки в царстве женщин,,,,,
28.01.2018 13:00:00,Апокалипсис сегодня,,,,,
29.01.2018 13:00:00,солярис тарковского,,,,,
30.01.2018 13:00:00,хочу в тюрьму,,,,,
31.01.2018 13:00:00,Не послать ли нам... гонца?,,,,,
01.02.2018 13:00:00,Тонкая штучка,,,,,
02.02.2018 13:00:00,Жизнь одна,,,,,
03.02.2018 13:00:00,другая жизнь,,,,,
04.02.2018 13:00:00,умница Уилл ХХантинг,,,,,
05.02.2018 13:00:00,Совершенно секретно!,,,,,
06.02.2018 13:00:00,Выпускной. Что-то типа ужасов с какой-то блондинкой,,,,,
07.02.2018 13:00:00,край,,,,,
08.02.2018 13:00:00,Начало времен,,,,,
09.02.2018 13:00:00,Nightcrawler,,,,,
10.02.2018 13:00:00,экстрасенс и экстрасенс 2: игры разума,,,,,
11.02.2018 13:00:00,жизнь дэвида гейла,,,,,
12.02.2018 13:00:00,Кокон,,,,,
13.02.2018 13:00:00,Время первых,,,,,
14.02.2018 13:00:00,Союз-7,,,,,
15.02.2018 13:00:00,Ассоциация злоумышленников виа И.А.,,,,,
16.02.2018 13:00:00,Отпетые напарники,,,,,
17.02.2018 13:00:00,ошибка времени,,,,,
18.02.2018 13:00:00,Сеть с сандрой буллок,,,,,
19.02.2018 13:00:00,Мученицы,,,,,
20.02.2018 13:00:00,Престиж,,,,,
21.02.2018 13:00:00,Шаркбой и лава,,,,,
22.02.2018 13:00:00,патруль ,2012,,,,
23.02.2018 13:00:00,wonderstuck ,2017,,,,
24.02.2018 13:00:00,Меняющие реальность,,,,,
25.02.2018 13:00:00,Муравьи в штанах,,,,,
26.02.2018 13:00:00,Ибица,,,,,
27.02.2018 13:00:00,The vault,2017,,,,
28.02.2018 13:00:00,6 демонов Эмили Роуз,,,,,
01.03.2018 13:00:00,Разум в огне,,,,,
02.03.2018 13:00:00,Паранойя с лабаффом,,,,,
03.03.2018 13:00:00,твари из бездны,,,,,
04.03.2018 13:00:00,мальчикам это нравится,,,,,
05.03.2018 13:00:00,Обитель проклятых,,,,,
06.03.2018 13:00:00,Апокалипто,,,,,
07.03.2018 13:00:00,На грани,1997,,,,
08.03.2018 13:00:00,Лабиринт фавна,,,,,
09.03.2018 13:00:00,Четверо против банка ,2017,,,,
10.03.2018 13:00:00,Дюнкерк ,2017,,,,
11.03.2018 13:00:00,Убийство в Восточном экспрессе ,2017,,,10,
12.03.2018 13:00:00,Единственный живой парень в Нью-Йорке,2017,,,,
13.03.2018 13:00:00,Мы монстры,,,,,
14.03.2018 13:00:00,Кингсмен 2,,,,9,Не помню 
15.03.2018 13:00:00,Альфа,2018,,,,
16.03.2018 13:00:00,Взрывная блондинка,2017,,,,
17.03.2018 13:00:00,Ready player one 2018,,,,10,Ждем продолжение
18.03.2018 13:00:00,Justice league 2017,,,,7,"Ну это, конечно, не марвел."
19.03.2018 13:00:00,Аритмия ,2017,,,9,"Итог не подведен, как всегда"
20.03.2018 13:00:00,наемник ,2017,,,,
21.03.2018 13:00:00,Keep Watching ,2017,,,,
22.03.2018 13:00:00,6 days ,2017,,,,
23.03.2018 13:00:00,Жажда смерти,,,,,
24.03.2018 13:00:00,мама ,2017,,,,
25.03.2018 13:00:00,Вспомнить заново rememory ,2017,,,,
26.03.2018 13:00:00,Скайлайн 2 ,2018,,,,
27.03.2018 13:00:00,Статус Брэда ,2017,,,,
28.03.2018 13:00:00,субурбикон ,2017,,,,
29.03.2018 13:00:00,излом времени ,2018,,,,
30.03.2018 13:00:00,снеговик ,2017,,,,
31.03.2018 13:00:00,джунгли ,2017,,,,
01.04.2018 13:00:00,отступнки,,,,,
02.04.2018 13:00:00,Пассажир ,2018,,,,
03.04.2018 13:00:00,Теория хаоса,2007,,,,
04.04.2018 13:00:00,Козырные тузы,,,,,
05.04.2018 13:00:00,Предложение ,2009,,,,
06.04.2018 13:00:00,Игра джеральда ,2017,,,,
07.04.2018 13:00:00,Клаустрофобия ,2017,,,,
08.04.2018 13:00:00,Техасская резня бензопилой кожаное лицо ,2017,,,,
09.04.2018 13:00:00,Стена ,2017,,,,
10.04.2018 13:00:00,Мина ,2017,,,,
11.04.2018 13:00:00,Дело храбрых ,2017,,,,
12.04.2018 13:00:00,Напролом,,,,,
12.04.2018 16:58:50,Твоё имя,,Аниме,,,
13.04.2018 13:00:00,Аннигиляция ,2018,,,7,"Крутая идея, но"
13.04.2018 13:13:48,"действуй, сестра",,комедия,Вупи голдберг,,
14.04.2018 13:00:00,Свадьба уайлд ,2017,,,,
15.04.2018 13:00:00,"Прощай, Кристофер Робин ",2017,,,,
16.04.2018 13:00:00,Форма воды ,2018,,,,
16.04.2018 18:33:47,Цельнометаллическая оболочка,,Боевик,,,
16.04.2018 19:09:41,Lupin,,Аниме,,,
17.04.2018 13:00:00,Убийство священного оленя ,2017,,,,
17.04.2018 23:08:09,Незнайка на Луне,1999?, Мультфильм,Меладзе,,
18.04.2018 13:00:00,Голем ,2017,,,,
19.04.2018 13:00:00,Джиперс криперс 3 ,2017,,,,
21.04.2018 13:00:00,Полуночный человек ,2017,,,,
21.04.2018 21:24:46,Два бойца,1943,,,,
22.04.2018 13:00:00,Тихоокеанский рубеж 2,,,,10,нормас
23.04.2018 0:56:46,Дыши во мгле,2018,,Ольга Куриленко,6,"На раз. Можно было офигенно развить идею, но режиссеру было впадлу похоже"
23.04.2018 11:02:09,Охота на воров,,,,,
23.04.2018 11:07:05,"Про рэперов, фак та полис ",,,Сын айс Кьюба,,
23.04.2018 13:00:00,Атлантида ,2017,,,,
23.04.2018 16:25:47,Стрингер,,,,,
23.04.2018 18:02:30,Суспирия,,Хоррор,"Дакота Джонсон, Хлоя моРец",,
23.04.2018 18:02:52,Deep stste,,Сериал,,,
24.04.2018 10:48:54,Спаун,,,,,
24.04.2018 13:00:00,Beautiful ,2010,,,,
24.04.2018 19:37:12,Отступники,,,ДиКаприо,,
25.04.2018 13:00:00,Битва токов ,2017,,,,
26.04.2018 13:00:00,Шанхайский перевозчик ,2017,,,,
27.04.2018 13:00:00,Афера доктора нока ,2017,,,,
28.04.2018 10:40:21,White polar,,Сериал,,,
28.04.2018 10:40:56,(белые воротнички),,Тот сериал,,,
28.04.2018 13:00:00,Вилла Капри ,2017,,,,
29.04.2018 13:00:00,Черная пантера ,2018,,"Т Чакка, Т чалла, ",5,Ну че т такое
30.04.2018 13:00:00,Новые мутанты ,2018,,,,
30.04.2018 18:15:41,Поворот не туда,,,,,
30.04.2018 18:15:59,У холмов есть глаза,,,,,
01.05.2018 13:00:00,Кавалерия ,2018,,,,
02.05.2018 13:00:00,Электрические сны филлипа к дика ,2018,,,,
02.05.2018 18:24:30,Видели ночь,2017,,,,
02.05.2018 18:25:21,Мой парень- псих,2012,,,,
02.05.2018 20:47:32,Дом хэмигуэй,2013,,,,
02.05.2018 20:49:48,Шерлок Холмс и доктор Ватсон,1979,,,,
02.05.2018 20:54:31,Вернуть отправителю,2015,,,,
02.05.2018 20:58:53,Кто я,2014,"Триллер, драма, криминал",,,
02.05.2018 20:59:24,Затмение,2015,Триллер,,,
02.05.2018 20:59:49,"Прежде, чем я усну",2014,,,,
02.05.2018 21:04:56,Страховщик,2014,Фантастика,,,
02.05.2018 21:06:34,Морган,2016,,,,
02.05.2018 21:14:48,Побочный эффект,2013,,,,
02.05.2018 21:16:54,Ключ от всех дверей,2005,Ужасы,,8,Прикольный фильмец с неожиданной развязкой
02.05.2018 21:17:29,Из ада,2001,,Джонни Депп,,
02.05.2018 21:18:49,28 дней спустя,,,,,
02.05.2018 21:21:03,Приют,2007,Ужасы,,,
02.05.2018 21:21:22,Костяной томагавк,2015,,,,
02.05.2018 21:21:45,Райское озеро,2008,Ужасы,,,
02.05.2018 21:22:36,Ярость,2014,Боевик,Бред Питт,,
02.05.2018 21:23:22,Из Парижа с любовью,2010,,,,
02.05.2018 21:23:48,Уцелевший,2013,Боевик,,,
02.05.2018 21:24:12,Поезд на юму,2007,Боевик,,,
02.05.2018 21:24:48,Патриот,2000,Боевик,Мел Гибсон,,
02.05.2018 21:25:27,Вавилон н.э.,2008,"Боевик, фантастика, приключения",Вин дизель,,
02.05.2018 21:27:56,Драйвера на ночь,2010,Комедия,,,
02.05.2018 21:29:44,Жить,2012,Драма,,,
02.05.2018 21:30:23,Свет в окне,,Драма,,,
02.05.2018 21:34:16,Мистериум. Начало,2013,"Триллер, драма",,,
02.05.2018 21:35:00,Лица в толпе,2011,Триллер,Мила Йовович,,
02.05.2018 21:35:48,Мёрзлая земля,2013,Триллер,Николас Кейдж,,
02.05.2018 21:36:39,Попутчик,2007,"Боевик, триллер, криминал",,,
02.05.2018 21:37:18,"Я, Алекс кросс",2012,"Триллер, детектив",,,
02.05.2018 21:37:51,Дом напротив,2016,"Триллер, ужасы",,,
02.05.2018 21:38:22,Ворон,2012,Триллер,Джон кьюсак,,
02.05.2018 21:40:10,Лекарь: ученик Авиценны,2013,Приключения,,,
02.05.2018 21:44:13,Уличный боец,1994,Боевик,Жан-Клод Ван Дамм,,
03.05.2018 13:00:00,Няня ,2017,,,,
03.05.2018 19:33:23,Транс,,Криминал,,,
03.05.2018 19:33:35,Небезопасно для работы,,,,,
03.05.2018 19:34:29,Проклятая волна,,Индия,,,
04.05.2018 13:00:00,Эспен в королевстве троллей ,2017,,,,
05.05.2018 13:00:00,Движение вверх,2018,,,,
06.05.2018 13:00:00,Драка в блоке 99 ,2017,,,,
07.05.2018 13:00:00,Библиотекарь,,,,,
08.05.2018 13:00:00,Роман с камнем,,,,,
09.05.2018 13:00:00,Жемчужина Нила,,,,,
10.05.2018 13:00:00,Три короля,,,,,
10.05.2018 17:03:06,Хищник,2018,,,8,"Странно смотрится комедийная часть, как-то не к месту. остальное огонь"
11.05.2018 13:00:00,Сахара,,,,,
12.05.2018 13:00:00,Рэмпейдж ,2018,,,6,На раз
13.05.2018 13:00:00,Бахубали рождение легенды ,2018,,,,
14.05.2018 13:00:00,Roman Is. esq ,2018,,,,
15.05.2018 13:00:00,монстры на каникулах,,,,,
16.05.2018 12:39:16,Джек Райан: теория хаоса,2013,Бонвик,"Крис Пайн, Кира Найтли",8,"смотрю второй раз вроде. прикольно, сюжет захватывающий и экшона нормально. "
16.05.2018 13:00:00,санта и компания ,2017,,,,
16.05.2018 16:13:21,Ларго винч и Ларго Винч Заговор в бирме,,,,10,"Прикольный сюжет, даже пара твистов есть, напоминает борна. "
17.05.2018 13:00:00,величайшй шоумен ,2018,,,,
18.05.2018 13:00:00,секретное досье,2018,,,,
18.05.2018 21:41:10,Балбесы,,,,,
19.05.2018 13:00:00,тихое место,2018,,,5,Концовка слита в ноль
20.05.2018 11:54:14,Конец мира,,Сериал,,10,Прикольно. ждем продолжения?
20.05.2018 11:56:59,Американская история преступлений,,Сериал,,,
20.05.2018 11:57:16,Сплошной отстой,,Сериал,,,
20.05.2018 11:58:21,Мозаика,2017,Сериал,,,
20.05.2018 13:00:00,Излом времени,2018,,,,
21.05.2018 13:00:00,Недруги ,2018,,,,
21.05.2018 15:09:23,Секретный агент,,,,,
21.05.2018 15:11:43,Ликвидация,2007,Сериал,,,
22.05.2018 13:00:00,Цепной пёс ,2018,,,,
23.05.2018 13:00:00,Гоголь,,,,7,"А чо, неплохо вышло, даже вторую гляну наверн"
24.05.2018 13:00:00,Погружение ,2018,,,,
25.05.2018 13:00:00,За гранью реальности ,2018,,,,
26.05.2018 13:00:00,Смолфут осень,2018,,,,
27.05.2018 13:00:00,3 богатыря,,,,,
27.05.2018 15:48:54,Синяя бездна,,,,,
28.05.2018 13:00:00,Сламбер лабиринты сна,2018,,,,
29.05.2018 13:00:00,мир юрского периода,,,,,
30.05.2018 13:00:00,послезавтра,,,,,
31.05.2018 13:00:00,сокровище нации 2,,,,,
01.06.2018 13:00:00,Шрек 2,,,,,
02.06.2018 13:00:00,Правда или действие ,2018,,,8,забаавно
02.06.2018 15:06:04,Акселкратка,,,,,
03.06.2018 13:00:00,Аноним ,2018,,,,
04.06.2018 13:00:00,Опасный бизнес ,2018,,,,
05.06.2018 13:00:00,Все деньги мира ,2018,,,,
06.06.2018 13:00:00,Акты насилия ,2018,,,,
07.06.2018 13:00:00,"Пожалуйста, приготовтесь ",2018,,,,
08.06.2018 13:00:00,Чистокровный,2018,,,,
09.06.2018 13:00:00,Ноябрьские преступники ,2018,,,,
10.06.2018 13:00:00,Черновик ,,,,,
11.06.2018 13:00:00,Тренер ,,,,,
12.06.2018 13:00:00,Красный воробей,,,,,
13.06.2018 13:00:00,Охота на воров ,2018,,,,
14.06.2018 13:00:00,Дикий,,,,,
15.06.2018 13:00:00,Гоголь Вий,,,,,
16.06.2018 13:00:00,Проект Флорида ,,,,,
17.06.2018 13:00:00,Небоскреб,,,,,
18.06.2018 13:00:00,Мир юрского периода 2,,,,,
18.06.2018 13:47:43,Матрица времени,2017,,,,
18.06.2018 13:48:04,Винчестер,1018,,,,
18.06.2018 13:48:20,Омерзительная восьмерка,,,,,
18.06.2018 13:48:51,Конверт,2017,,,,
19.06.2018 13:00:00,Третья волна зомби,,,,,
20.06.2018 13:00:00,Аутсайдер,,,,,
21.06.2018 13:00:00,Титан,,,,,
22.06.2018 13:00:00,Незнакомцы. Жестокие игры,,,,,
23.06.2018 13:00:00,Страна призраков,,,,,
24.06.2018 13:00:00,За гранью реальности,,,,,
25.06.2018 13:00:00,Ангелы и демоны ,,,,10,крутая экранизация
26.06.2018 13:00:00,Ограбление по-итальянски,,,,10, классика криминальных фильмов
27.06.2018 13:00:00,11 друзей оушена ,,,,10,
28.06.2018 13:00:00,12 друзей оушена ,,,,10,
29.06.2018 13:00:00,Турист,,,,10,
30.06.2018 13:00:00,Риддик,2013,,,7,за пёсика. Почти нет отличий от черной дыры.
01.07.2018 13:00:00,Крепкий орешек ,1968,,,10,Ностальжи
02.07.2018 13:00:00,Дом с паранормальными явлениями ,,,,6,трешово
03.07.2018 13:00:00,Храбрые перцем,,,,10,лол кек чебурек
04.07.2018 13:00:00,Впритык ,,,,10,Прикольная комедия
05.07.2018 13:00:00,Маленькое зло,,,,6,ну такое
06.07.2018 13:00:00,Очень плохие мамочки,,,,4,"смешно местами, но сюжет до дыр уже"
07.07.2018 10:45:58,Как это заканчивается,2018,,,,
07.07.2018 10:46:17,Русалка. Озеро мёртвых,2018,,,,
07.07.2018 10:46:37,Шок и трепет,2018,,,,
07.07.2018 10:46:53,Тау,2018,,,,
07.07.2018 10:54:41,Разочарование,2018,Мультфильм,,,
07.07.2018 10:57:19,Багровая мята,2018,,,,
07.07.2018 13:00:00,Монстро,,,,10,топчик
08.07.2018 13:00:00,Голубой круиз,,,,7,норм
09.07.2018 13:00:00,9,,,,10,прикольный мульт.
10.07.2018 13:00:00,газонокосильщик,,,, 6, оч странный и затянутый
11.07.2018 13:00:00,трон,,,,10,всё офигенно
12.07.2018 13:00:00,Щоу трумана,,,,10,
13.07.2018 13:00:00,resident evil,,,,10,классика
14.07.2018 13:00:00,bol`shoy pereoloh v maken`kom kitae,,,,9,"наивно уже, но для своего времени и моего возраста топ"
15.07.2018 13:00:00,муви 43,,,,10,классика современных комедий про подростков на ряду с мальчишником в вегасе и проект х
16.07.2018 13:00:00,пророк,,,Николас Кейдж,10,топчик просто
17.07.2018 13:00:00,День независимости,,,,10,классика
18.07.2018 13:00:00,Война миров,,,,9,немного занудно
19.07.2018 13:00:00,побег из лос-анжелеса,,,,10,змей перезагрузил планету?
20.07.2018 13:00:00,смертельная битва,,,,7,не помню
21.07.2018 13:00:00,вампир лестат,,,,8,"вроде прикольный, можно пересмотреть, алсо там 2 части вроде"
21.07.2018 14:35:41,Хватай и беги,,,,,
22.07.2018 13:00:00,вирус,,,,?,Что это? про корабль?
22.07.2018 18:27:11,местные,2018,,,,
22.07.2018 21:54:17,Аквамен,2018,,,,
22.07.2018 21:54:29,Шазам,2019,,,,
22.07.2018 21:54:42,Годзилла 2,2019,,,,
22.07.2018 22:06:13,Стекло,2019,,"Уиллис, МакЭвой",,
23.07.2018 13:00:00,"день, когда земля остановилась",,Катастрофа,,8,Вроде прикольный
24.07.2018 13:00:00,залечь на дно в брюгге,,,,10,"Топчик, прям вкусняшка, про дружбу"
25.07.2018 13:00:00,страх и ненависть в лас вегасе,,,,4," смотели христей, ниче не понятно"
26.07.2018 13:00:00,Стартрек,,,,10,ну вот современные прикольные
27.07.2018 13:00:00,"""На Дерибасовской хорошая погода, или На Брайтон-Бич опять идут дожди"" (1992 г.)",,,,10,крутая комедия из 90х
28.07.2018 13:00:00,Watchman,,,,15,можно пересмотреть
28.07.2018 21:46:26,Вымирание,2018,Сериал,,,
29.07.2018 13:00:00,радиоволна,,,,10,
29.07.2018 20:21:49,Джейсон Борн,2016,,,,
30.07.2018 13:00:00,Начало,,,,12,
31.07.2018 1:37:05,Отец года,2018,Комедия,,,
31.07.2018 1:43:16,Подарок на рождество,,,Арни,,
31.07.2018 13:00:00,divergent behind the wall,,,,3, ну так себе говнецо
01.08.2018 13:00:00,"Секретные материалы, хочу верить",,,,8,"не прям вау, но смотрится легко"
02.08.2018 13:00:00,Миллион способов потерять голову,,,,9," прикольно, пошло"
03.08.2018 13:00:00,Ван Хельсинг. И анима,,,,10,класссика
04.08.2018 13:00:00,В значит виндетта,,,,10,
05.08.2018 13:00:00,Вл колец реж версия,,,,10,
06.08.2018 13:00:00,этот безумный мир(большая W),,,,10,крутая комедия
07.08.2018 13:00:00,Сумерки,,,,10,
08.08.2018 13:00:00,Живая сталь,,,,8," Эванджелин Лили как-то надоела, а так норм"
09.08.2018 13:00:00,Прометей,,,,8,"nu takoе. Добавил единицу, вроде норм так-то."
10.08.2018 13:00:00,Хищник,,,,8,гет ту зе чоппа что ты такое
11.08.2018 13:00:00,Охотники за разумом,,,,10,"Прикольно, хуй вспомню, кто убийца"
12.08.2018 13:00:00,Секретные материалы борьба за будущее,,,,8,Пересмотреть
13.08.2018 13:00:00,Столкновение с бездной,,,,?,
14.08.2018 13:00:00,гудзонский ястреб,,,,10," офигенная музыка, офигенная комедия, иногда чесчур, но грех забирать балл"
15.08.2018 13:00:00,доспехи бога,,,,10,классика
16.08.2018 13:00:00,"Ливень (Hard Rain, 1997)",,,,9,2 тупых момента
16.08.2018 18:27:00,Убойный уикэнд,,,,,
16.08.2018 18:34:37,Потерянный в снегах,,,,,
17.08.2018 13:00:00,"Бегущий человек (The Running Man, 1987)",,,,9,
18.08.2018 13:00:00,Чего хотят женщины,,,,9,"скучновато, но атмосферно"
19.08.2018 13:00:00,Фильм по снайпера зайцева в тылу врага,,,,8,
20.08.2018 13:00:00,13 часов. тайные солдаты бенгази,,,,100500,"Хаос войны хорошо показан, ну и путаница уровня друг/враг, хочу еще такого навернуть"
21.08.2018 13:00:00,черный Ястреб,,,,10,
22.08.2018 13:00:00,марсианин,,,,11, про движение к цели и надежду
23.08.2018 13:00:00,"train to busan 7,5",,,,8,"прикольно, быстрые зомби"
24.08.2018 13:00:00,коллектор,,,,10,охуенно.
25.08.2018 13:00:00,тень 1994для 94 года збс,,,,8,для 94 года збс
26.08.2018 13:00:00,Инопланетное вторжение: Битва за Лос-Анджелес,,,,6,
27.08.2018 13:00:00,Скайлайн 2010,,,,8,ждём продолжения.
28.08.2018 13:00:00,небесный капитан и мир бдщего,,,,9,
29.08.2018 13:00:00,мужчина по вызову,,,,9," 9 норм, можно вторую часть глянуть"
30.08.2018 13:00:00,кейт и лео,,,,9,вроде всё норм.
31.08.2018 13:00:00,хищник 2,,,,10," пиздато. Круче, чем первая часть. Атмосферно и нуарно"
01.09.2018 13:00:00,токийский дрифт,,,,8,
01.09.2018 16:14:57,Невозможное,,,,,
02.09.2018 13:00:00,телепорт 2008,,,,7, но часто могу пересматривать
03.09.2018 13:00:00,исходный код,,,,10,джиленхолл спас Чикаго и чикулю
04.09.2018 13:00:00,турецкий гамбит,,,,10,лучше статского советника.
05.09.2018 13:00:00,мультик про фантомов,,,,8,
06.09.2018 13:00:00,Война миров з,,,,6,
07.09.2018 13:00:00,Dead set 4 серии,,,,7,
08.09.2018 13:00:00,28 дней cпyстя,,,,8,
09.09.2018 13:00:00,Рассвет мертвецов,,,,6,"Блядь, он охуенный, но такой тупой"
10.09.2018 13:00:00,Остров,,,,10,мечта
11.09.2018 13:00:00,Остров проклятых,,,,10,атмосферно и круто
12.09.2018 13:00:00,Афера Томаса крауна,,,,10,
13.09.2018 13:00:00,«Рекрут» (2003),,,,9,вот это поворот
14.09.2018 13:00:00,Игра 1997,,,,10,до последнего момента держит в напряжении
15.09.2018 13:00:00,славные парни,,,,11, криминальная комедия
16.09.2018 13:00:00,Суррогаты,,,,9," ну норм так-то да, все же 9,5, а не 9, до 10 недотягвает все же"
17.09.2018 13:00:00,Геймер,,,,6,
18.09.2018 13:00:00,Бумажный роман,,короткометражка,,10,
19.09.2018 13:00:00,Анастасия,,,,10,прикольный мульт с счастливым концом
20.09.2018 13:00:00,как украсть небоскреб,,,,10,
21.09.2018 13:00:00,Каспер,,,,8,только за девчонку)
22.09.2018 13:00:00,грибы,,,,7,
23.09.2018 13:00:00,неоновый демон ,,,,6,15 за картинку 6 за фильм
24.09.2018 12:00:26,Маньяк,2018,,,,
24.09.2018 13:00:00,Особняк с привидениями,,,,10,Эдди Мерфи прекрасен
25.09.2018 13:00:00,дурак ,,,,15, Вся Россия в одном фильме.
26.09.2018 10:58:19,Пало-Альто,,,,,
26.09.2018 10:58:29,Вдовы,,,,,
26.09.2018 10:58:38,Несокрушимый,,,,,
26.09.2018 10:58:50,Маппеты 2018,,,,,
26.09.2018 13:00:00,Спортлото 82,,,,10,
27.09.2018 13:00:00,День сурка,,,,10,
28.09.2018 13:00:00,хэнкок,,,,15,
28.09.2018 17:09:43,Это чёртово сердце,,,,,
28.09.2018 17:09:53,Хакер 2016,,,,,
29.09.2018 13:00:00,Джон уик,,,,9,"слишком банально, но красиво"
30.09.2018 13:00:00,охота на пиранью 4 2 половину фильма лучше не смотреть,,,,4,вторую половину фильма лучше не смотреть
01.10.2018 13:00:00,Дьявол носит Прада,,,,9,
02.10.2018 13:00:00,"17 мгновений весны 15, разрулил как Боженька",,,,15,разрулил как Боженька
03.10.2018 13:00:00,"бумажные города 10 мама, я влюбился в девочку",,,,10,"мама, я влюбился в девочку"
04.10.2018 13:00:00,Медвежатник 10 классическое ограбление,,,,10,классическое ограбление
05.10.2018 13:00:00,ночной продавец 9,,,,9,
06.10.2018 13:00:00,джон картер,,,,8,
07.10.2018 13:00:00,лига выдающихся джентльменов,,,,8,
08.10.2018 13:00:00,темный рыцарь 15,,,,15,
09.10.2018 13:00:00,железный человек,,,,10," нормас, для с юмором и доступно// рип"
10.10.2018 13:00:00,Почтальон,,,,6,
11.10.2018 13:00:00,Граф Монте Кристо 67 года+/-,,,,10,
12.10.2018 13:00:00,Хижина в лесу,,,,10,самый нетипичный фильм ужасов
13.10.2018 13:00:00,"Гиперкуб 6, уже не оч",,,,6,уже не оч
14.10.2018 13:00:00,идеальные незнакомцы,,,,15,
15.10.2018 13:00:00,Помни/ memento,,,,10,нолан-гений
16.10.2018 13:00:00,Митти,,,,20,прожил бы такую жизнь
17.10.2018 13:00:00,Игры джентльменов/ замочить старушку,,,,10,
18.10.2018 13:00:00,Явление,,,,8," 10 за идею, -2 за реализацию"
19.10.2018 13:00:00,Кингсман,,,,10,идеальная комедия/боевик
19.10.2018 14:09:22,Наркокурьер,2019,,Клинт Иствуд,,
20.10.2018 13:00:00,Тор 2,,,,8,норм так
21.10.2018 13:00:00,везунчик логан, 2017,,,10,шик просто
22.10.2018 13:00:00,бегущий по лезвию 2049,,,,7," 7 концовка смазана, ждём продолжения/ я тупой, надо пересмотреть и осознать её"
23.10.2018 13:00:00,Тёмная башня (2017),,,,6,ну чё т такое
24.10.2018 13:00:00,коматозники,2017,,,6,ожидал большего
25.10.2018 13:00:00,тор 3,,,,8,"близко, но не Грут и енотик"
26.10.2018 13:00:00,Оно 2017,,,,10,заебись
27.10.2018 13:00:00,3 биллборда на грание эббинга Мисури,,,,8,"в принципе круто, но финал отрезан и хз это норм или нет"
28.10.2018 13:00:00,Сокровище нации,,,,10," классика приключений. Как Индиана Джонс. Да, новый Индиана"
29.10.2018 13:00:00,бегущий в лабиринте,,,,8,
31.10.2018 13:00:00,Поиск,2018,триллер,,10,"просто охуенно.  на одном дыхании, с крутыми сюжетными поворотами"
11.11.2018 13:43:37,Зловещие мертвецы,,,,,
11.11.2018 14:00:31,Суперсемейка,,,,,
12.11.2018 1:10:21,Профайл,,,,,
12.11.2018 17:54:16,Чего-нибудь про самолёты,,,,,
12.11.2018 20:43:52,И грянул гром,,Фантастика,,6,"Сюжет норм, но сейчас уже графон устарел"
12.11.2018 20:44:03,"Кожа, в которой я живу",,,,,
17.11.2018 15:45:37,Девушка с татуировкой дракона,,,,,
17.11.2018 15:45:57,"Девушка, которая застряла в паутине",2018,,,,
17.11.2018 15:51:30,Оверлорд,,,,,
17.11.2018 15:53:54,Нация убийц,,,,6,На один раз
17.11.2018 15:57:08,Хантер киллер,,Боевик,Джерард Батлер,,
17.11.2018 16:06:24,Люди икс темный феникс,,,,,
17.11.2018 16:15:20,Алита боевой ангел,,,,,
29.11.2018 0:29:34,Я-четвертый,,,,,
29.11.2018 0:35:10,Хроника,2012,,,,
02.12.2018 1:02:17,Битва за землю,2019,,,,
04.12.2018 15:35:56,Как украсть небоскреб,,,,,
04.12.2018 16:05:44,Обмануть всех,,,Эдди Мерфи,,
04.12.2018 16:06:10,Дежурный папа,,,Эдди Мерфи,10,Классическая комедия с Мерфи
04.12.2018 16:27:49,Услышьменя,,,,,
09.12.2018 19:40:47,Спуск 1 и 2,,,,,
09.12.2018 19:40:56,Немыслимое,,,,,
20.12.2018 12:01:07,Баллада Бастера скраггса,2018,Комедия,Джеймс Франко,,
20.12.2018 12:05:02,Битва за землю,2018,,,,
20.12.2018 12:10:20,Тань Корея,2018,,,,
20.12.2018 12:13:22,Quake(землетрясение),2018,Катастрофа,,,
20.12.2018 12:20:42,Лего фильм 2,2019,,,,
20.12.2018 12:29:01,С богами: последние 49 дней,2018,,,,
20.12.2018 12:29:41,Одаренные,,Сериал,,,
20.12.2018 12:33:23,Кадавр(the possession of hannah grace),2018,,,,
13.01.2019 12:35:17,Семья по-быстрому,2019,,,10,Хороший семейный фильм
29.01.2019 0:00:47,Видок,2001,,,,
29.01.2019 12:23:56,Вертикальный предел,,,,8,"10 за картинку, 5 за идею. Нахой они пошли туда? 5(или больше) человек погибло, только чтобы деффку эту спасти"
01.04.2019 22:03:51,Место встречи изменить нельзя,,,Высоцкий,,
20.04.2019 16:46:35,Видок император Парижа,,,,,
05.05.2019 10:49:36,Капкан / crawl,2019,,,,
08.05.2019 13:17:27,Дитя робота,2019,"Триллер, фантастика",,,
08.05.2019 13:17:57,Смертельная тропа,2019,Приключения,,,
08.05.2019 13:19:32,Время монстров,2019,,,,
08.05.2019 13:20:14,Малыш кид,2019,,,,
08.05.2019 13:21:40,Солнцестояние,2019,,,,
08.05.2019 13:24:14,Мы всегда жили в замке,2019,Триллер,,,
08.05.2019 13:25:27,Загадочное убийство,2019,Комедия,Адам сендлер,,
08.05.2019 13:29:32,Красавчик со стажем,2019,Тупая комедия,,,
08.05.2019 13:31:26,Ядовитая роза,2019,Детектив,Морган Фримен,,
08.05.2019 13:31:53,В метре друг от друга,2019,,,,
08.05.2019 13:34:24,Код красный,2019,Фигня какая-то,,,
08.05.2019 13:39:15,Покои,2019,Сериал,,,
09.05.2019 13:42:54,Домино,2019,Боевик,Николай костер-валдау,,
09.05.2019 16:44:24,Принц персии,,,,,
09.05.2019 16:46:27,Принц пенсии 2,,,,,
09.05.2019 16:50:39,Про снайперов,,,,,
03.06.2019 13:13:25,Форд против Феррари,2019,,,,
23.06.2019 0:31:33,Операция калибри,,,,,
29.06.2019 23:43:54,Отступники,2006,,,,
05.08.2019 23:41:17,assimilate,2019,,,,
05.08.2019 23:41:56,polaroid пункт назначения смайл,,,,,
05.08.2019 23:42:19,cold blood legacy,,,,,
10.08.2019 14:45:11,Иные ,2019,,,,
18.08.2019 16:01:13,экзамен,2009,триллер,,,
18.08.2019 16:03:05,28 недель спустя,,,,,
18.08.2019 16:04:22,колония ,2013,,,,
18.08.2019 16:04:53,власть огня,2002,,,,
18.08.2019 16:07:44,безумный Макс,1979,,,,
18.08.2019 16:08:05,город Эмбер: побег,,,,,
18.08.2019 16:09:12,носители,2009,,,,
18.08.2019 16:19:01,безумцы,2010,,,,
13.09.2019 16:57:06,Они,2019,Ужасы,,,
16.09.2019 12:42:47,blood machines,2019,sci-fi,,,
19.09.2019 10:51:57,Knives Out ,2019,детектив,Дэниэл Крейг,,
24.09.2019 11:02:58,Повелитель бури,2008,"боевик, военный",,,
04.10.2019 9:48:03,темная башня,2017,,,,
04.10.2019 9:49:45,death wish,2017,,,,
04.10.2019 10:38:49,сторож,2019,,,,
14.10.2019 20:51:21,"Столетний старик, который вылез в окно и исчез",,комедия приключения,,,
16.10.2019 9:10:21,инферно,2016,приключения,том хэнкс,4,Сосаити по сравнению с 1 и 2
19.10.2019 10:54:44,Время монстров (The Head Hunter),2018,,,,
19.10.2019 10:55:24,Бассейн (The Pool),2018,хоррор,,,
19.10.2019 10:56:02,Релаксер (Relaxer),2018,,,,
19.10.2019 10:56:30,Блаженство (Bliss),2019,,,,
19.10.2019 10:57:05,Искусство самообороны (The Art of Self-Defense),2019,,Джесси Айзенберг,,
19.10.2019 10:57:47,Кинотеатр кошмаров (Nightmare Cinema),2018,несколько сюжетов,,,
19.10.2019 10:59:19,Перелом (Fractured),2019,Триллер,Сэм Уортингтоном ,,
19.10.2019 10:59:41,Фурия (Hai Phuong),2019,Боевик,,,
19.10.2019 11:00:14,Другой (The Hole in the Ground),2018,триллер,,,
19.10.2019 11:00:36,Тройная угроза (Triple Threat),2019,боевик,,,
19.10.2019 11:01:08,Песнь дьявола (A Dark Song),2019,хоррор,,,
19.10.2019 11:01:34,Клятва» (Pledge),2018,триллер,,,
19.10.2019 11:05:11,Ночь идет за нами,,боевик,,,
22.10.2019 21:35:56,таксист,,,,,
23.10.2019 23:42:40,Старикам тут не место,,,,,
02.11.2019 11:09:32,джентельмены,2020,"боевик, криминал, комедия",,,
03.11.2019 18:11:14,Зима в огне,,Документальный,,,
06.11.2019 9:59:28,Code 8,2020?,sci-fi,,,
06.11.2019 12:40:45,выпьем за любовь,2019,комедия,,,
14.11.2019 19:14:58,джек ричер,2013,"боевик, детектив",том круз,,
18.11.2019 19:12:47,лицо со шрамом,,,,,
21.11.2019 10:51:49,Изгоняющий дьявола: Абаддон,,,,,
21.11.2019 10:59:11,Зов предков,,,Харрисон Форд,,
24.11.2019 9:59:52,роковое число 37,,,,,
08.12.2019 15:10:50,История Дэвида Копперфилда,2020,,,,
08.12.2019 15:13:47,Главный герой,,,,,
08.12.2019 20:39:10,Тёмные воды,2020,,,,
18.12.2019 13:33:52,убрать перископ,,,Роб Шнайдер,,
24.12.2019 15:36:40,Девятые врата,,,,,
16.01.2020 12:00:18,GUNS AKIMBO,2020,боевик,,,
07.02.2020 14:28:51,7 психопатов,,,Коллин Фарел,,
29.03.2020 18:28:47,Особое мнение,,"Фантастика, боевик",Том Круз,,
29.03.2020 18:30:44,Темный город,1998,Фантастика,,,
10.04.2020 18:46:34,Военные игры,,,,,
12.04.2020 22:28:24,Ограбление в ураган,,,,,
12.04.2020 22:29:14,Маленькие чудовища,,,,,
12.04.2020 22:31:25,Подсобка дьявола,,,,,
12.04.2020 22:36:34,Перспектива,,,Педро Паскаль,,
12.04.2020 22:39:49,Пароль хаус,,,,,
12.04.2020 22:47:41,30 безумных желаний,,,,7,вроде норм. на разик
12.04.2020 22:57:02,За мечтой,,,,,
12.04.2020 23:01:33,Скин,,,,,
12.04.2020 23:03:37,22 мили,,,,,
12.04.2020 23:05:24,Убийца 2 солдадо,,,,,
12.04.2020 23:07:54,Отель артемида,,,,,
12.04.2020 23:11:41,Царство,,,,,
12.04.2020 23:18:02,Селфи,,,,,
12.04.2020 23:20:30,15:17 to Paris,,,,,
12.04.2020 23:22:22,Добыча,,,,,
12.04.2020 23:23:56,Они,,,,,
12.04.2020 23:30:37,Обитель страха,,,,,
17.05.2020 18:01:41,В тихом омуте,,,,,
17.05.2020 23:49:59,Дитя человеческое,,,,,
23.06.2020 19:25:34,Паранормальное,,,,,
23.06.2020 19:47:53,Я заберу твои деньги,,,,,
23.06.2020 19:49:23,Репродукция,,,,,
03.07.2020 21:14:48,Iron sky the coming race,,,,,
07.07.2020 11:26:43,Костер тщеславия,,,"Том Хэнкс, Брюс Уиллис",,
23.07.2020 11:58:35,knowing,2009,,,,
23.07.2020 11:58:43,upside down,,,,,
23.07.2020 11:58:53,soylent green,,,,,
23.07.2020 11:59:04,they,alive,,,,
06.08.2020 9:15:59,rogue,2007(2008),,,,
25.08.2020 11:19:47,Напролом,,Фантастика,,,
09.09.2020 12:39:32,безбрачная неделя,,,,,
21.09.2020 19:07:39,Курьер,,,"Гарри Олдман, Ольга куриленко",,
23.09.2020 17:05:51,Операция снег,,,,,
22.10.2020 11:17:25,В чужой шкуре,2021,Триллер,Шон Бин,,
26.10.2020 9:55:31,THE PACIFIC,,сериал,,,
26.10.2020 9:55:43,хроники риддика,,,,,
26.10.2020 14:53:50,люди в черном 3,,,,,
27.10.2020 22:44:10,"Мальчишник, или Большой секс в маленьком городе (сериал)",,,,,
29.10.2020 17:43:27,The Predator (2018),,,,,
29.10.2020 17:43:41,Спаун,,,,,
03.11.2020 9:52:19,Эон флакс,,,,,
03.11.2020 9:52:34,миссия серенити,,,,,
03.11.2020 10:29:04,константин повелитель тьмы,,,,,
03.11.2020 10:34:54,мумия,2017,,,,
04.11.2020 18:46:06,Одарённая ,2017,,,,
05.11.2020 9:36:00,Незваные гости,2005,,,,
06.11.2020 8:58:54,After Earth,2015,,Will Smith,,
06.11.2020 9:27:55,Славные парни,2012,,,,
06.11.2020 9:46:11,Spontaneous,2020,,,,
06.11.2020 10:53:38,Deathwatch,2002,,,,
27.11.2020 12:21:21,повелитель бури,,боевик,,,
27.11.2020 12:21:32,фантастическая четверка 1 и 2 ,,,,,
27.11.2020 12:21:47,невероятный человек павук,,,,,
30.11.2020 14:38:05,черная пантера,,,,,
30.11.2020 14:38:14,трансформеры,,,,,
30.11.2020 14:38:28,wanted,,,,,
01.12.2020 17:01:33,Призрак в доспехах,,,,,
01.12.2020 17:01:55,Бегущий по лезвию 2049,,,,,
01.12.2020 17:02:51,Могучие рейнджеры,,,,,
07.12.2020 14:48:46,Не пойман - не вор,1958,,Луи Де Фюнес,,
22.12.2020 16:18:00,Цель номер один 0 dark 30,,Боевик,Джессика Честейн,,
03.01.2021 12:09:08,Переростки,,,,,
03.01.2021 12:34:49,Малавита,,,,,
08.01.2021 16:48:31,Ночной портье,2020,,,,
11.01.2021 9:26:22,Параноя,,Триллер,Шайа лабаф,,
11.01.2021 9:47:27,Тристан и изольда,,,,,
11.01.2021 9:56:34,Сноуден,,,,,
11.01.2021 19:17:45,Взаперти,,,,,
11.01.2021 19:17:52,Комната,,,,,
16.01.2021 20:52:19,Двадцать одно,,Криминал,Кевин Спейси,,
16.01.2021 20:53:33,Пароль Хаус,,,,,
17.01.2021 13:39:43,Смертельная тропа,,,,,
17.01.2021 13:40:02,Обратная связь,,,,,
17.01.2021 13:40:23,Взаперти,,,,,
17.01.2021 13:57:54,Эксперимент за стеклом,,,,,
17.01.2021 14:01:27,Туннель. Опасно для жизни,,,,,
17.01.2021 14:01:53,Все оттенки Токио,,,,,
19.01.2021 13:37:22,Зависнуть в палм-спрингс,2020,,,,
24.01.2021 21:04:43,Планета зверей,,,Майкл Дуглас,,
24.01.2021 22:00:11,Идиократия,,,,,
26.01.2021 15:36:06,Кома,,Российский,,,
29.01.2021 13:42:55,Топи,2021,Сериал русский,,,
31.01.2021 15:11:27,ТАСС уполномочен заявить,,,,,
31.01.2021 16:08:32,Великая стена,,,Мэтт Деймон,,
12.02.2021 9:16:36,Рэй,2004,Биография,,,
12.02.2021 14:20:20,Морпехи,,,,,
13.02.2021 12:20:12,Земля будущего,2015,Фантастика,"Хью Лори, Джордж клуни",,
13.02.2021 18:32:18,Эффект манделы,,,,,
17.02.2021 10:28:37,Эдди орел,,,,,
18.02.2021 14:39:32,Company of heroes,2013,,,,
18.02.2021 15:05:39,Company of heroes,2013,,,,
18.02.2021 15:05:50,American sniper,,,,,
18.02.2021 15:06:06,Border ambush,2015,,,,
18.02.2021 15:10:38,Sicario,2015,,,,
18.02.2021 15:36:55,The international,2009,,,,
18.02.2021 15:41:00,"Девушка, которая застряла в паутине",,,,,
20.02.2021 20:17:07,Гипосомния,,,,,
21.02.2021 10:55:12,Дело коллини,,,,,
21.02.2021 10:56:37,Grand seduction,,,,,
24.02.2021 15:22:31,Дорожное приключение,2000,,,,
24.02.2021 16:35:55,Джек ричер,,,,,
24.02.2021 21:32:54,Супергеройское кино,,,,,
26.02.2021 10:14:12,Буря столетия,1999,"Сериал, ужасы",,,
26.02.2021 12:03:07,Ярость,,,,,
12.03.2021 18:44:05,Need for speed,,,,,